{
    "latitude1": 11.460192000000001,
    "longitude1": 77.43956899999999
}