{
    "latitude2": 11.460858,
    "longitude2": 77.43966
}