{
    "latitude3": 11.456098,
    "longitude3": 77.43918
}